codigo;descripcion;unidad;precio
011516;ABRA CADDY EMT 25MM 500/C;UNIDA;210
011515;ABRA. CADDY EMT 20MM;UNIDA;210
011520;ABRA.OMEGA EMT 20MM BSSD20 1000/C;UNIDA;67
011522;ABRAZADERA OMEGA 25MM;UNIDA;110
070413;ACEITERA 500G. RIGIDA;UNIDA;1681
159983;ADAPT.CHUKO 10A 2P+T 250V C/PROTECTOR;UNIDA;2521
159984;ADAPTADOR SIMPLE 10A EM/MA.AS-100;UNIDA;1513
159982;ADAPTOR SCHUKO 2P+T 10-16A-250V BL;UNIDA;1345
159988;ALARGADOR C/CABLE 3M 4E SL2714 40/C;UNIDA;5882
070356;"ALICATE DE CARPINTERO 10"" 60/C";UNIDA;2521
070346;"ALICATE DIAGONAL 8""";UNIDA;2101
070323;"ALICATE FORD 8""";UNIDA;1933
070340;"ALICATE UNIVERSAL 6""";UNIDA;1681
070341;"ALICATE UNIVERSAL 7""";UNIDA;2017
070342;"ALICATE UNIVERSAL 8""";UNIDA;2269
160415;ALTA EFI.2 X 40W EMB.SIN BALA;UNIDA;12185
160414;ALTA EFI.2 X 40W S/P.SIN BALA;UNIDA;20000
160405;ALTA EFI.3 X 20W S/P. S/BALA;UNIDA;25000
160421;ALTA EFI.3 X 40W S/P SIN BALA;UNIDA;28151
160416;ALTA EFIC. 1 X 40W S/P SIN BALA;UNIDA;7143
160400;ALTA EFIC. 2 X 20W S/P S/BALA;UNIDA;16807
160094;AMP. 130W E-40;UNIDA;13277
160085;AMP. 200W;UNIDA;16807
160080;AMP. 40W;UNIDA;4202
160082;AMP. 85W;UNIDA;10924
160520;AMP. COLA CHANCHO 7-8W 8000HORAS;UNIDA;546
160814;AMP. LED 12W 6500K 03;UNIDA;1513
160831;AMP. LED 12W CALIDA CERT.01-12;UNIDA;1513
160521;AMP. LED 1W;UNIDA;546
160104;AMP. LED 3 X 1W E27;UNIDA;1345
160103;AMP. LED 3 X 1W E27;UNIDA;1345
160078;AMP. LED 5W;UNIDA;1261
160811;AMP. LED 5W 3500K 03;UNIDA;1261
160826;AMP. LED 5W FRIA CERT.01-5;UNIDA;1261
160832;AMP. LED 7W;UNIDA;1345
160833;AMP. LED 7W;UNIDA;1345
160813;AMP. LED 9W 3500K 03;UNIDA;1345
160812;AMP. LED 9W 6500K 03;UNIDA;1345
160828;AMP. LED 9W FRIA CERT.01-9;UNIDA;1513
160822;AMP. LED 9W FRIA CERT.02-9;UNIDA;1345
160026;AMP. LED CHAMPIÑION 100W E-40 8/C;UNIDA;23109
160025;AMP. LED CHAMPIÑION 50W E-27;UNIDA;12605
160027;AMP. LED CHAMPIÑON E27150W;UNIDA;24370
160105;AMP. LED E27;UNIDA;5462
160106;AMP. LED E-27 LUZ CALIDA 7 X 1W;UNIDA;5462
120020;AMP. LED FRIA CMPLETA 3 X 1W 100/C;UNIDA;3782
160101;AMP. LED GU-10 3 X 1W 200/C;UNIDA;1345
160100;AMP. LED GU-10 3 X 1W 200/C FRIA;UNIDA;1639
160834;AMP. LED GU-10 3W FRIA CERTIFICADA 50/C;UNIDA;2101
160837;AMP. LED GU-10 5W CALIDA CERTIFICADA 50;UNIDA;1681
160836;AMP. LED GU-10 5W FRIA CERTIFICADA 50/C;UNIDA;1681
160839;AMP. LED M-T 10W 3500K 100/C;UNIDA;1261
160840;AMP. LED M-T 10W 6500K 100/C;UNIDA;1261
160841;AMP. M-T 20W 20/C;UNIDA;2521
160842;AMP. M-T20W 20/C;UNIDA;2521
160843;AMP. M-T28W 20/C;UNIDA;3319
160844;AMP. M-T28W 20/C;UNIDA;3319
160846;AMP. M-T36W;UNIDA;4118
160845;AMP. M-T36W;UNIDA;4118
160848;AMP. M-T45W;UNIDA;4958
160847;AMP. M-T45W;UNIDA;4622
160022;AMP. TUBULAR LED 100W E-40 FRIA 8/C;UNIDA;21008
160054;AMP.BULBO 220V 50W;UNIDA;504
160055;AMP.BULBO 220V 75W;UNIDA;504
160057;AMP.DICROICA JCDR-E27 75W C/T;UNIDA;924
160056;AMP.DICROICA JCDR-E27 75W S/T;UNIDA;840
160815;AMP.LED 12W 3500K 03;UNIDA;1513
120021;AMP.LED CALIDA COMPLETA 3 X1W 100/C;UNIDA;4034
040323;ANGULO EXTERIO P/CANALETA 40X16;UNIDA;252
040302;ANGULO EXTERIOR P/CANALETA 100X50;UNIDA;1681
040301;ANGULO INTERIOR P/CANALETA 100X50;UNIDA;1681
040322;ANGULO INTERIOR P/CANALETA 40X16;UNIDA;252
040320;ANGULO PLANO CANALETA 40X16;UNIDA;252
040303;ANGULO PLANO P/CANALETA 100X50;UNIDA;1681
040304;ANGULO T PLANO P/CANALETA 100X50;UNIDA;1681
040325;ANGULO T PLANO P/CANALETA 40X16;UNIDA;252
130136;APILADOR 1T;UNIDA;462185
130138;APILADOR 2T C/BATERIA CARGABLE 3.1MTS;UNIDA;1663866
130137;APILADOR CON FRENO 1T 1.6MTS;UNIDA;495798
130139;APILADOR2T C/CABLE A.C;UNIDA;1638655
160344;AUDIFONO ANTIRUIDO EY2;UNIDA;1261
160090;BALA METALICA 250W;UNIDA;10500
160091;BALA METALICA 400 W;UNIDA;13025
160086;BALLAST 20W;UNIDA;1681
160087;BALLAST 40W;UNIDA;1681
030632;BARRA DE BAñO EXT.1.1-2M 50/C;UNIDA;2941
070198;BARRE HOJAS EXT. R121 22D.;UNIDA;2521
070199;BARRE HOJAS R112A.;UNIDA;2101
159964;BASE T/FLUOR.J/PORTAP.T/NOR.CC;UNIDA;1513
010251;BASURERO PVC 120L GRIS;UNIDA;31933
010250;BASURERO PVC 240L VERDE;UNIDA;41176
160097;BATERIA 12V 1.2AH;UNIDA;6303
160095;BATERIA 12V 4.5AH;UNIDA;9244
160096;BATERIA 12V 7AH;UNIDA;10084
020306;"BISAGRA NEGRA DE PUERTA 3""";UNIDA;1429
020307;"BISAGRA NEGRA DE PUERTA 4""";UNIDA;2101
011424;BOMBA DE ACEITE HT1034;UNIDA;15126
011421;BOMBA DE ACEITE WS-25 5/C.;UNIDA;12605
011419;BOMBA DE PISCINA SUPB100 0.75KW;UNIDA;138655
011420;BOMBA DE PISCINA SWIM050 0.75KW;UNIDA;130252
130306;"BROCA DE CARPINTERO 1""";UNIDA;840
130300;"BROCA DE CARPINTERO 1/4""";UNIDA;378
130301;"BROCA DE CARPINTERO 5/16""";UNIDA;588
130304;"BROCA DE CARPINTERO 5/8""";UNIDA;714
130430;BROCA HSS 1.5MM DE CHINA;UNIDA;378
130449;BROCA HSS 10.5MM DE CHINA;UNIDA;1261
130451;BROCA HSS 11.5MM DE CHINA;UNIDA;1513
130450;BROCA HSS 11MM DE CHINA;UNIDA;1513
130432;BROCA HSS 2.5MM DE CHINA;UNIDA;420
130431;BROCA HSS 2MM DE CHINA;UNIDA;420
130434;BROCA HSS 3.5MM DE CHINA;UNIDA;462
130436;BROCA HSS 4.5MM DE CHINA;UNIDA;504
130438;BROCA HSS 5.5MM DE CHINA;UNIDA;504
130440;BROCA HSS 6.5MM DE CHINA;UNIDA;294
130442;BROCA HSS 7.5MM DE CHINA;UNIDA;378
130441;BROCA HSS 7MM DE CHINA;UNIDA;378
130447;BROCA HSS 9.5MM DE CHINA;UNIDA;672
130404;BROCA P/CONCRETO 10MM;UNIDA;378
130405;BROCA P/CONCRETO 12MM;UNIDA;504
130401;BROCA P/CONCRETO 5MM;UNIDA;210
130403;BROCA P/CONCRETO 8MM;UNIDA;420
011310;"BROCHA DE CAFE 1/2""";UNIDA;84
011315;"BROCHA DE CAFE 2.5""";UNIDA;420
011316;"BROCHA DE CAFE 3""";UNIDA;504
011317;"BROCHA DE CAFE 4""";UNIDA;546
011382;"BROCHA SIN MARCA B.CALIDAD 1""";UNIDA;378
011383;"BROCHA SIN MARCA B.CALIDAD 1.5""";UNIDA;546
011380;"BROCHA SIN MARCA B.CALIDAD 1/2""";UNIDA;252
011384;"BROCHA SIN MARCA B.CALIDAD 2""";UNIDA;672
011385;"BROCHA SIN MARCA B.CALIDAD 2.5""";UNIDA;756
011386;"BROCHA SIN MARCA B.CALIDAD 3""";UNIDA;840
011381;"BROCHA SIN MARCA B.CALIDAD 3/4""";UNIDA;336
011387;"BROCHA SIN MARCA B.CALIDAD 4""";UNIDA;1261
010512;CAD.CUELLO DOBLE 114. 2.0MMX35CM;UNIDA;840
010513;CAD.CUELLO DOBLE 114. 2.0MMX45CM;UNIDA;840
010514;CAD.CUELLO DOBLE 114. 2.5MMX60CM;UNIDA;1008
010515;CAD.CUELLO DOBLE 114. 3.0MMX55CM;UNIDA;1008
010508;"CAD.CUELLO P/PERRO 104. 2.5MMX18""";UNIDA;420
010509;"CAD.CUELLO P/PERRO 104. 3.0MMX22""";UNIDA;462
010510;"CAD.CUELLO P/PERRO 104. 3.5MMX26""";UNIDA;588
010511;"CAD.CUELLO P/PERRO 104. 4.0MMX28""";UNIDA;840
010502;CADENA DE PERRO 1.6X48 120/C;UNIDA;840
010503;CADENA DE PERRO 2.0X48 120/C;UNIDA;1176
010504;CADENA DE PERRO 2.5X48 120/C;UNIDA;1261
010505;CADENA DE PERRO 3.0X48 120/C;UNIDA;1681
010506;CADENA DE PERRO 3.5X48 96/C;UNIDA;2017
010507;CADENA DE PERRO 4.0X48 72/C;UNIDA;2101
159940;CAJA CHUQUI SPTA.P/CANALETA 50C;UNIDA;1008
160009;CAJA ESTANCA 100X100X70MM 100/C;UNIDA;2521
160008;CAJA ESTANCA 80X80X50;UNIDA;1345
160007;CAJA ESTANCA 85 X 85 X 50 200/C;UNIDA;1513
160131;CAJA VACIA P/ CAMPANA;UNIDA;8403
011560;CAJA ZINCADA EMT C/TAPA 100X70X70MM 60/C;UNIDA;1261
011561;CAJA ZINCADA EMTC/TAPA 100X100X70MM 50/C;UNIDA;1513
159947;CAJA.DIST.EMB.16-20MM PANEL.NA 300C;UNIDA;714
120000;CALEFACTOR DE AGUA ENERGIA SOLAR 180L;UNIDA;323529
010477;CAMARA PARA CARRETILLA;UNIDA;2941
160133;"CAMPANA 19""";UNIDA;19328
160129;"CAMPANA ALUMINIO 16""";UNIDA;6555
160132;"CAMPANA 12"" REPUESTO";UNIDA;8403
160123;"CAMPANA 16"" COMPLETA S/TAPA";UNIDA;40504
160127;"CAMPANA 16"" REPUESTO";UNIDA;13445
160124;"CAMPANA 22"" COMPLETA S/TAPA";UNIDA;49950
160128;"CAMPANA 22"" REPUESTO";UNIDA;20168
160235;"CAMPANA ALUM. 19"" C/CANCHO E-40";UNIDA;24790
120485;CAMPANA ALUMINIO LED 180W;UNIDA;57143
120487;CAMPANA ALUMNIO LED NUEVO MODELO 100W;UNIDA;14706
120486;CAMPANA ALUMNIO LED NUEVO MODELO 50W;UNIDA;12605
160130;"CAMPANA DE ALUMINIO 22""";UNIDA;15756
140300;"CAMPANA DE TIEMPRE ELECT.3 """;UNIDA;5462
140301;"CAMPANA DE TIEMPRE ELECT.4""";UNIDA;6555
140302;"CAMPANA DE TIEMPRE ELECT.6""";UNIDA;9664
140303;"CAMPANA DE TIEMPRE ELECT.8""";UNIDA;12605
160030;"CAMPANA LED ""UFO""";UNIDA;67227
160031;"CAMPANA LED ""UFO""";UNIDA;67227
160032;"CAMPANA LED ""UFO""";UNIDA;96639
160136;CAMPANA LED MULTIPUNTO 180W 10/C;UNIDA;29412
140250;CAMPANA P.C C/CANCHO E-27;UNIDA;16000
140257;CAMPANA P.C C/CANCHO E-27;UNIDA;23529
140258;CAMPANA P.C C/CANCHO E-40;UNIDA;29412
160134;"CAMPANA PC C/CANCHO 19""";UNIDA;24370
120482;CAMPANA UFO LED 100W;UNIDA;25210
120479;CAMPANA UFO LED 100W;UNIDA;21008
120483;CAMPANA UFO LED 150W;UNIDA;37815
120480;CAMPANA UFO LED 150W;UNIDA;29412
120478;CAMPANA UFO LED 200W;UNIDA;70000
120484;CAMPANA UFO LED 200W;UNIDA;37815
120481;CAMPANA UFO LED 200W;UNIDA;37815
120477;CAMPANA UFO LED 240W;UNIDA;46218
160861;CAMPANA UFO LED 3000K BLANCA;UNIDA;29412
160860;CAMPANA UFO LED 3000K NEGRO;UNIDA;29412
160272;CANALETA 100X50X2000MM;UNIDA;4500
160269;CANALETA 20 X 10;UNIDA;840
160270;CANALETA 20X10X2000MM;UNIDA;672
160268;CANALETA 40X16 C/PEGAMENTO 15/BULTO;UNIDA;1555
160271;CANALETA 40X16X2000MM 20/C;UNIDA;1261
010187;CANDADO DORADO 32MM;UNIDA;840
010186;CANDADO P/BICICLETA;UNIDA;1261
160107;CANOA 1 X 20W C/BALLA ELECTRONICA 20/C;UNIDA;2689
040231;CANOA ACRILICO CON TUBO LED 1 X 18W 12/C;UNIDA;9664
040230;CANOA ACRILICO CON TUBO LED 2 X 18W 12/C;UNIDA;13025
160073;CANOA C/ACRILICO L1;UNIDA;5840
160072;CANOA C/ACRILICO L1;UNIDA;7983
160071;CANOA C/ACRILICO L1;UNIDA;7983
160070;CANOA C/ACRILICO L1;UNIDA;9664
160069;CANOA C/ACRITICO LED 10W;UNIDA;3319
160067;CANOA C/ACRITICO LED 20W 20/C;UNIDA;5462
160066;CANOA C/ACRITICO LED 30W;UNIDA;5882
160064;CANOA C/ACRITICO LED 40W;UNIDA;8403
160143;CANOA ELECTRICA 20W 50/C;UNIDA;2353
160144;CANOA ELECTRICA 40W 60/C;UNIDA;2437
160220;CANOA SIN BALA P/TUBO LED 1 X 18W;UNIDA;1900
160221;CANOA SIN BALA P/TUBO LED 1 X 9W;UNIDA;1261
160222;CANOA SIN BALA P/TUBO LED 2 X 18W;UNIDA;4034
160151;CANOA T4 12W C/TUBO;UNIDA;2353
160149;CANOA T4 14W C/TUBO;UNIDA;2521
160153;CANOA T4 20W C/TUBO;UNIDA;2941
160154;CANOA T4 22W C/TUBO;UNIDA;3025
160155;CANOA T4 24W C/TUBO;UNIDA;3193
160156;CANOA T4 26W C/TUBO;UNIDA;3361
160157;CANOA T4 28W C/TUBO;UNIDA;3782
160150;CANOA T4 8W C/TUBO;UNIDA;2101
120100;CANOA T5;UNIDA;2521
120120;CANOA T5 13W C/TUBO AMARILLO;UNIDA;2941
120123;CANOA T5 13W C/TUBO AZUL;UNIDA;2941
120125;CANOA T5 13W C/TUBO BLANCO;UNIDA;2941
120124;CANOA T5 13W C/TUBO NEGRO;UNIDA;2941
120121;CANOA T5 13W C/TUBO ROJO;UNIDA;2941
120122;CANOA T5 13W C/TUBO VERDE;UNIDA;2941
160145;CANOA T5 2 X 28W;UNIDA;3782
120130;CANOA T5 21W C/TUBO AMARILLO;UNIDA;3277
120133;CANOA T5 21W C/TUBO AZUL;UNIDA;3277
120135;CANOA T5 21W C/TUBO BLANCO;UNIDA;3353
120134;CANOA T5 21W C/TUBO NEGRO;UNIDA;3277
120131;CANOA T5 21W C/TUBO ROJO;UNIDA;3277
120132;CANOA T5 21W C/TUBO VERDE;UNIDA;3277
120140;CANOA T5 28W C/TUBO AMARILLO;UNIDA;4034
120143;CANOA T5 28W C/TUBO AZUL;UNIDA;4034
120144;CANOA T5 28W C/TUBO NEGRO;UNIDA;4202
120141;CANOA T5 28W C/TUBO ROJO;UNIDA;4034
120142;CANOA T5 28W C/TUBO VERDE;UNIDA;4034
120103;CANOA T5 8W C/TUBO AZUL;UNIDA;2101
160146;CANOA T5 8W C/TUBO BLANCO;UNIDA;2101
120106;CANOA T5 C/TUBO LED 16W CALIDA;UNIDA;5462
120105;CANOA T5 C/TUBO LED 16W FRIA;UNIDA;5462
040236;CANOA TORTUGA CON TUBO LED 1 X 18W 12/C;UNIDA;5798
040238;CANOA TORTUGA CON TUBO LED 1 X 9W 12/C;UNIDA;4202
160141;CANOA TORTUGA L2;UNIDA;4202
160139;CANOA TORTUGA L2;UNIDA;5042
160142;CANOA TORTUGA L2 2 X 18W 10/C;UNIDA;5210
160140;CANOA TORTUGA L2 2 X 36W 10/C;UNIDA;7143
010474;CARRETILLA 85L;UNIDA;54622
011640;CARTONERO;UNIDA;210
011641;CARTONERO SD-20 C/REPUESTOS;UNIDA;1639
011806;"CEPILLO DE COPA HY9251 4""";UNIDA;1975
011807;"CEPILLO DE COPA HY9251 5""";UNIDA;2941
011822;"CEPILLO/COPA TRENZADA HY9441 5""";UNIDA;2185
010173;CHAPA DE BOTON;UNIDA;1261
010174;CHAPA DE CAJON C/2 CANCHOS;UNIDA;1261
200010;CIELO FALSO LAVABLE;UNIDA;2941
200000;CIELO FALSO LAVABLE 600 X 600MM 8/C;UNIDA;1400
200011;CIELO FALSO PUNTO 600 X 600MM 12/C;UNIDA;3025
150043;CINTA LED 3528/54;UNIDA;16387
150041;CINTA LED 5050/30;UNIDA;13025
150042;CINTA LED 5050/60;UNIDA;15546
150046;CINTA LED 5050/60;UNIDA;16807
150047;CINTA LED 3528/54 12V 5MTS IP65;UNIDA;12605
011512;CLIP P/TUBERIA EMT 20-25MM CC20;UNIDA;252
011276;COLGADOR DOBLE 350MM;UNIDA;1008
011270;COLGAGOR 100MM;UNIDA;235
130162;COMPRESOR DE AIRE 200L 3HP 220V;UNIDA;390756
011570;CONDUIT PVC 16X1.4X3000MM CERT.;UNIDA;840
011571;CONDUIT PVC 20X1.5X3000MM CERT.;UNIDA;1261
011572;CONDUIT PVC 25X1.5X3000MM CERT.;UNIDA;1681
160060;CONECTOR P/AMP. GU-10;UNIDA;504
011542;COPLA P/TUB.EMT 20MM JDG4020;UNIDA;252
011543;COPLA P/TUB.EMT 25MM JDG4025;UNIDA;336
011544;COPLA P/TUB.EMT 32MM JDG4032;UNIDA;504
011601;CORTADORA DE PERFILES;UNIDA;483193
011600;CORTADORA DE TUBO;UNIDA;1681
011506;CURVA P/CONDUIT EMT 20MM 125/C;UNIDA;588
011507;CURVA P/CONDUIT EMT 25MM;UNIDA;840
011508;CURVA P/CONDUIT EMT 32MM;UNIDA;1261
011062;"DEST.SUELTO BUENA CALIDA 10""+";UNIDA;1008
011069;DEST.SUELTO BUENA CALIDAD 10 -;UNIDA;924
011070;DEST.SUELTO BUENA CALIDAD 12 -;UNIDA;1681
011063;DEST.SUELTO BUENA CALIDAD 12 +;UNIDA;1008
011064;DEST.SUELTO BUENA CALIDAD 3 -;UNIDA;378
011065;DEST.SUELTO BUENA CALIDAD 4 -;UNIDA;462
011066;DEST.SUELTO BUENA CALIDAD 5 -;UNIDA;546
140140;DISCO DE CORTE P/FIERRO 115MM 50/C;UNIDA;672
140141;DISCO DE CORTE P/FIERRO 180MM 25/C;UNIDA;1681
140150;DISCO DE PULIR 115MM NO.60. 100. 120.;UNIDA;2941
070429;DISCO DIAMON ESPECIAL 115MM;UNIDA;2521
070436;DISCO DIAMON MOJADO 180MM;UNIDA;3361
070430;DISCO DIAMON SECO 115MM;UNIDA;3361
070435;DISCO DIAMON SECO 180MM;UNIDA;3361
140212;"DISCO P/ESMERIL BANCO 6""";UNIDA;2101
140213;"DISCO P/ESMERIL BANCO 8""";UNIDA;2437
140128;DISCO SIERRA DIAMON 230 X 36D;UNIDA;4202
140130;DISCO SIERRA DIAMON 230 X 60D;UNIDA;7143
140129;DISCO SIERRA DIAMON 305 X 40D;UNIDA;4874
130158;DOBLADOR A DE TUBERIA 12T;UNIDA;151261
010019;DRIVER 6-12-18-24W;UNIDA;2101
030630;DUCHA TELEFONO SIN TUBO FLEX.;UNIDA;1513
140012;EMPACADORA HW450;UNIDA;84034
140013;EMPACADORA HW550;UNIDA;134454
159948;ENCH.DOBLE 10A Y 16A.;UNIDA;2101
159942;ENCH.HEMB.VOLAN. 2P+T 10A 250V 70B/840C;UNIDA;1008
159973;ENCH.HEMB.VOLANL.2T+T 16A 250V 35B/420C;UNIDA;1681
159970;ENCH.MAC.PLANO S/REC.2P+T 16A 250 35B/420C;UNIDA;1849
159961;ENCH.MACH 2P+T 10A 250V 70B.840PCS/C;UNIDA;1429
159962;ENCH.MACH ADAPT.AM.RDO.10A NG;UNIDA;1008
159963;ENCH.MACHO CONVER. 2P+T 10A-250V 70B/840C;UNIDA;1008
159960;ENCH.MACHO PRACT.2P 10A 250V N 70B/840C;UNIDA;1261
159985;ENCHUFE TRIPLE C/INTE.SL1048 200/C;UNIDA;3193
010420;ESCOBILLA ACERO 103X300;UNIDA;840
010421;ESCOBILLA ACERO 104X300;UNIDA;1008
010422;ESCOBILLA ACERO 105X300;UNIDA;1261
011143;"ESCUADRA DE ACERO 12"" 12/C";UNIDA;1681
011140;"ESCUADRA DE ACERO 6"" 12/C";UNIDA;840
011161;"ESPATULA 1 1/2"" DE CHINA";UNIDA;588
011160;"ESPATULA 1"" DE CHINA";UNIDA;420
011163;"ESPATULA 2 1/2"" DE CHINA";UNIDA;756
011162;"ESPATULA 2"" DE CHINA";UNIDA;672
011164;"ESPATULA 3"" DE CHINA";UNIDA;756
011165;"ESPATULA 4"" DE CHINA";UNIDA;840
011166;"ESPATULA 5"" DE CHINA";UNIDA;1261
160702;"EXTRACTOR DE AIRE 10""";UNIDA;25210
160703;"EXTRACTOR DE AIRE 12""";UNIDA;29412
160700;"EXTRACTOR DE AIRE 6""";UNIDA;9244
160701;"EXTRACTOR DE AIRE 8""";UNIDA;13445
160710;"EXTRACTOR DE AIRE CUADRADO 4""";UNIDA;10504
160711;"EXTRACTOR DE AIRE CUADRADO 5""";UNIDA;11681
160712;"EXTRACTOR DE AIRE CUADRADO 6""";UNIDA;13025
160713;"EXTRACTOR DE AIRE CUADRADO 8""";UNIDA;14706
010660;"EXTRACTOR POLEAS 3""";UNIDA;3529
010661;"EXTRACTOR POLEAS 4""";UNIDA;4202
010662;"EXTRACTOR POLEAS 6""";UNIDA;5462
010663;"EXTRACTOR POLEAS 8""";UNIDA;6555
200022;FIERRO P/CIELO FALSO 22 X 22 X 3000MM;UNIDA;2101
200021;FIERRO P/CIELO FALSO 26 X 24 X 1220MM;UNIDA;2437
200020;FIERRO P/CIELO FALSO 32 X 24 X 3660MM;UNIDA;4202
200023;FIERRO P/CIELO FALSO 600 X 600MM;UNIDA;1261
160529;"FOCO 3.5"" B0535 C/ROSCA E27 CROMADO";UNIDA;1681
160525;"FOCO 3.5"" B5035 C/ROSCA E27 (1)";UNIDA;1597
160453;FOCO CHICO 25W 3000K 20/C;UNIDA;9664
160530;"FOCO CHICO 3.5"" B0535";UNIDA;1681
160441;FOCO DE PISO;UNIDA;5042
120026;FOCO DOBLE LED CALIDA 3 X 1W 50/C;UNIDA;12185
120025;FOCO DOBLE LED FRIA 3 X 1W 50/C;UNIDA;12185
160867;FOCO EMB, LED 40W;UNIDA;19328
160450;FOCO GRANTE JM-T2-70;UNIDA;5042
120228;"FOCO LED 6"" ZH-BR122 12W FRIA";UNIDA;6555
120230;"FOCO LED 8"" ZH-BR202 20W FRIA";UNIDA;9244
120019;FOCO LED CALIDA 12 X 1W 20/C;UNIDA;8403
120015;FOCO LED CALIDA 7 X 1W 50/C;UNIDA;6303
120017;FOCO LED CALIDA 9 X1W 20/C;UNIDA;7983
120246;FOCO LED CET-093;UNIDA;7143
120248;FOCO LED CET-093;UNIDA;11345
120250;FOCO LED CET-093;UNIDA;12185
120252;FOCO LED CET-093;UNIDA;13866
120232;"FOCO LED CUAD. EMB. ZH-BS161 8"" 16W";UNIDA;3782
120236;"FOCO LED CUAD. EMB. ZH-S163 7"" 16W FRIA";UNIDA;4622
120238;"FOCO LED CUAD. EMB. ZH-S203 9"" 20W FRIA";UNIDA;6303
120018;FOCO LED FRIA 12 X1W 20/C;UNIDA;8403
120014;FOCO LED FRIA 7 X 1W 50/C;UNIDA;6303
120016;FOCO LED FRIA 9 X 1W 20/C;UNIDA;7983
120700;FOCO LED TH-003 3W CALIDA;UNIDA;4202
120091;FOCO LED TH-005 108MM 5W FRIA;UNIDA;5210
120701;FOCO LED TH-005 5W CALIDA;UNIDA;5042
120702;FOCO LED TH-007 7W CALIDA;UNIDA;4202
120092;FOCO LED TH-007 7W FRIA;UNIDA;5210
120094;FOCO LED TH-009;UNIDA;6723
120703;FOCO LED TH-009 9W CALIDA;UNIDA;5882
120705;FOCO LED TH-012 12W CALIDA;UNIDA;6723
120095;FOCO LED TH-012 12W FRIA;UNIDA;7563
120242;FOCO LED ZH-COB 7W;UNIDA;1261
120241;FOCO LED ZH-COB 7W 6500K;UNIDA;1387
120901;FOCO LED ZH-COB052 5W CALIDA;UNIDA;4370
120900;FOCO LED ZH-COB052 5W FRIA;UNIDA;4370
120243;"FOCO LED ZH-COB101 5"" 10W FRIA";UNIDA;6723
120907;FOCO LED ZH-COB102 10W CALIDA;UNIDA;5630
120906;FOCO LED ZH-COB102 10W FRIA;UNIDA;5630
120245;"FOCO LED ZH-COB151 6.5"" 15W FRIA";UNIDA;6303
120917;FOCO LED ZH-COB152 15W CALIDA;UNIDA;6050
120916;FOCO LED ZH-COB152 15W FRIA;UNIDA;6050
120921;FOCO LED ZH-COB202 20W CALIDA;UNIDA;5462
120920;FOCO LED ZH-COB202 20W FRIA;UNIDA;5462
120249;"FOCO LED ZH-COB251 9"" 25W FRIA";UNIDA;7479
120927;FOCO LED ZH-COB252 25W CALIDA;UNIDA;6303
120926;FOCO LED ZH-COB252 25W FRIA;UNIDA;6303
120251;"FOCO LED ZH-COB301 9"" 30W FRIA";UNIDA;9664
120931;FOCO LED ZH-COB302 30W CALIDA;UNIDA;9244
120930;FOCO LED ZH-COB302 30W FRIA;UNIDA;9244
120801;FOCO LED ZH-TD03 3W CALIDA;UNIDA;798
120800;FOCO LED ZH-TD03 3W FRIA;UNIDA;824
120802;FOCO LED ZH-TD04 4W FRIA;UNIDA;1134
120809;FOCO LED ZH-TD07 7W CALIDA;UNIDA;1639
120808;FOCO LED ZH-TD07 7W FRIA;UNIDA;1639
120811;FOCO LED ZH-TD12 12W CALIDA;UNIDA;2101
120810;FOCO LED ZH-TD12 12W FRIA;UNIDA;2101
160526;FOCO METALICO 540;UNIDA;2101
120045;FOCO PANEL LED 12W;UNIDA;6303
120046;FOCO PANEL LED 15W;UNIDA;4874
120047;FOCO PANEL LED 18W;UNIDA;9244
120613;FOCO PANEL LED 24W CALIDA 20/C;UNIDA;6723
120612;FOCO PANEL LED 24W FRIA 20/C;UNIDA;6303
120621;FOCO PANEL LED C/ESCALA 12W CALIDA;UNIDA;4622
120620;FOCO PANEL LED C/ESCALA 12W FRIA;UNIDA;4622
120623;FOCO PANEL LED C/ESCALA 15W CALIDA;UNIDA;5882
120622;FOCO PANEL LED C/ESCALA 15W FRIA;UNIDA;5714
120629;FOCO PANEL LED C/ESCALA 24W CALIDA;UNIDA;6303
120614;FOCO PANEL LED C/ESCALA 3W FRIA;UNIDA;2941
120619;FOCO PANEL LED C/ESCALA 9W CALIDA;UNIDA;4202
120618;FOCO PANEL LED C/ESCALA 9W FRIA;UNIDA;4202
120403;FOCO PANEL LED C/ESCALA NO.2;UNIDA;3529
120402;FOCO PANEL LED C/ESCALA NO.2;UNIDA;3529
120405;FOCO PANEL LED C/ESCALA NO.2;UNIDA;4034
120404;FOCO PANEL LED C/ESCALA NO.2;UNIDA;4034
120407;FOCO PANEL LED C/ESCALA NO.2;UNIDA;5882
120401;FOCO PANEL LED C/ESCALA NO.2;UNIDA;2521
120400;FOCO PANEL LED C/ESCALA NO.2;UNIDA;2521
120601;FOCO PANEL LED ZH-R031 3W CALIDA;UNIDA;2521
120602;FOCO PANEL LED ZH-R061 6W;UNIDA;2941
120603;FOCO PANEL LED ZH-R061 6W CALIDA;UNIDA;2941
120604;FOCO PANEL LED ZH-R091 9W;UNIDA;3529
120605;FOCO PANEL LED ZH-R091 9W CALIDA;UNIDA;3529
120607;FOCO PANEL LED ZH-R121 12W CALIDA;UNIDA;3950
120606;FOCO PANEL LED ZH-R121 12W FRIA;UNIDA;3950
120608;FOCO PANEL LED ZH-R151 15W;UNIDA;4202
120609;FOCO PANEL LED ZH-R151 15W CALIDA;UNIDA;4118
120611;FOCO PANEL LED ZH-R181 18W CALIDA;UNIDA;5882
120610;FOCO PANEL LED ZH-R181 18W FRIA;UNIDA;5882
160534;"FOCO RED.B1080 8"" C/ROSCA E27 12/C";UNIDA;2941
070093;FORMON SUELTO 1-1/5;UNIDA;2437
030639;FRAPEL C/DISPLEY;UNIDA;840
030640;FRAPEL P/ESTANGUE;UNIDA;672
130231;FRESADOR CON TALADRO Z5045C/1;UNIDA;1974790
130229;FRESADOR CON TALADRO ZAY7032FG;UNIDA;2100840
130230;FRESADOR CON TALADRO ZAY7045FG;UNIDA;2184874
130129;GATA DE CAIMAN 2T;UNIDA;29412
130132;GATA DE CAIMAN 3 T;UNIDA;79832
130131;GATA DE CAIMAN 3T LARGA;UNIDA;147059
130091;GATA DE TIJERAS 1.5T. 10/C.;UNIDA;10504
130090;GATA DE TIJERAS 1T.;UNIDA;9244
130134;GATA DE TORRE 12T;UNIDA;54622
130133;GATA DE TORRE 6T;UNIDA;37815
130114;GATA HIDRAULICA 10T.;UNIDA;15882
130115;GATA HIDRAULICA 12T.;UNIDA;15966
130116;GATA HIDRAULICA 16T.;UNIDA;19328
130117;GATA HIDRAULICA 20T.;UNIDA;21008
130101;GATA HIDRAULICA 2T.;UNIDA;5882
130118;GATA HIDRAULICA 30T.;UNIDA;29412
130111;GATA HIDRAULICA 4T.;UNIDA;9244
130119;GATA HIDRAULICA 50T.;UNIDA;46218
130112;GATA HIDRAULICA 6T.;UNIDA;10504
130113;GATA HIDRAULICA 8T.;UNIDA;14118
130130;GATA HIDRAULICA LARGA 8 T.;UNIDA;100840
011780;"GRATA DE COPA HY9271 2""";UNIDA;655
011781;"GRATA DE COPA HY9271 2.5""";UNIDA;1008
011782;"GRATA DE COPA HY9271 3""";UNIDA;1008
011783;"GRATA DE COPA HY9271 4""";UNIDA;2101
011801;"GRATA PLANA HY9272 2""";UNIDA;504
011802;"GRATA PLANA HY9272 2.5""";UNIDA;1008
140117;"HOJA SIERRA CIRCULAR 10"" 60D";UNIDA;7983
140110;"HOJA SIERRA CIRCULAR 4-1/2"" 18D";UNIDA;3193
140111;"HOJA SIERRA CIRCULAR 4-1/2"" 24D";UNIDA;3193
140114;"HOJA SIERRA CIRCULAR 9"" 24D";UNIDA;5882
140115;"HOJA SIERRA CIRCULAR 9"" 40D";UNIDA;6303
010700;"HOJA SIERRA P/TROZADOR 21""";UNIDA;672
010701;"HOJA SIERRA P/TROZADOR 24""";UNIDA;756
010702;"HOJA SIERRA P/TROZADOR 30 """;UNIDA;924
070190;HORQUETA F111.;UNIDA;4202
160300;"HUINCHA AISLADORA 3/4"" 5YD";UNIDA;504
160301;"HUINCHA AISLADORA 3/4""10YD";UNIDA;672
160353;HUINCHA EMB.48 X 100M CAFE 48/C;UNIDA;1681
160352;HUINCHA EMB.48 X 100M TRAN. 72/C;UNIDA;1261
160351;HUINCHA ENBALAR CAFE 30M 72/C;UNIDA;420
159974;INS.NEV.TRIPLE 9/32 EMB. 10A-250V BL 20B/200C;UNIDA;2521
159953;INS.SIMPLE+ENCH.2P+T 10A-250V;UNIDA;2521
159965;INT. 9/24 200/C;UNIDA;1639
169986;INT.+ 2 ENCH 10A 110/250V;UNIDA;2941
169987;INT.DOBLE + 1 ENCH. 10A 110/250V;UNIDA;2941
159956;INT.DOBLE + 1 ENCH. 10A SP. 200/C;UNIDA;2101
169967;INT.DOBLE 10A 110/250V 120/C;UNIDA;2101
159987;INT.DOBLE 9/12+ENCHFE 10A;UNIDA;1681
159967;INT.DOBLE 9/15 10A.250V;UNIDA;2400
159951;INT.DOBLE 9/15 10A-250V BL 20B/320C;UNIDA;2353
159958;INT.P/LAMP. DE ESCRITORIO 10A;UNIDA;840
169968;INT.SIMPLE + 1 ENCH. 10A 110/250V 120/C;UNIDA;2353
169966;INT.SIMPLE 10A 110/250V. 120/C;UNIDA;1681
159966;INT.SIMPLE 9/12 10A.250V BL 20B/200C;UNIDA;2353
159950;INT.SIMPLE 9/12 10A-250V SPT,20B/320C;UNIDA;1681
159968;INT.SIMPLE 9/12+ENCH.10A.250V;UNIDA;2437
169974;INT.TRIPLE 10A 110/250V 120/C;UNIDA;2941
159972;INT.VOLANTE DE PASO 6A-250V;UNIDA;1008
159986;INT+2ENCH.9/12 10A 20B/200C;UNIDA;2521
159945;INTE. SIMPLE+TOMA CORRI. 2P+T 10/16A-250;UNIDA;3193
159952;INTER/ENCH SPTO.10A-250V B 20B/320C;UNIDA;2101
160902;LAMP. ESTANCO LED;UNIDA;8319
120011;LAMP. LED P/DORMIDORIO 30W;UNIDA;7983
120010;LAMP. LED P/DORMITORIO 25W;UNIDA;9244
120009;LAMP. LED P/DORMITORIO 30W;UNIDA;11345
150002;LAMP. LED P/PISCINA 12W EN COLOR;UNIDA;46218
150003;LAMP. LED P/PISCINA 15W EN COLOR;UNIDA;54622
150004;LAMP. LED P/PISCINA 18W EN COLOR;UNIDA;63025
150005;LAMP. LED P/PISCINA 24W EN COLOR;UNIDA;67227
150001;LAMP. LED P/PISCINA 9W EN COLOR;UNIDA;41176
150000;LAMP. LED P/PISCINA EN COLOR 6W;UNIDA;37815
150020;LAMP. LED PARA PISCINA 10W IP67 EN COLOR;UNIDA;10504
120028;LAMP. P/PASTO LED 3W;UNIDA;5882
120029;LAMP. P/PASTO LED 3W;UNIDA;5882
120027;LAMP. P/PATIO LED 30W;UNIDA;21849
120036;"LAMP. PL LED CALIDA 9""";UNIDA;14706
120035;"LAMP. PL LED FRIA 9""";UNIDA;11345
120038;"LAMP. PL LED 4""";UNIDA;5462
120039;"LAMP. PL LED 4""";UNIDA;5042
120041;"LAMP. PL LED 6""";UNIDA;11345
120040;"LAMP. PL LED 6""";UNIDA;10504
120044;"LAMP. PL LED 8""";UNIDA;15546
120043;"LAMP. PL LED 8""";UNIDA;13866
120031;LAMP. PL LED CALIDA 12W;UNIDA;12605
120033;LAMP. PL LED CALIDA 12W BLANCA;UNIDA;8403
120032;LAMP. PL LED FRIA 12W BLANCA 20/C;UNIDA;12605
120030;LAMP. PL LED FRIA 12W CROMADA 20/C;UNIDA;12605
120059;LAMP. TECHO LED 12W CALIDA;UNIDA;2941
120054;LAMP. TECHO LED 12W FRIA 20/C;UNIDA;2941
120055;LAMP. TECHO LED 3W;UNIDA;1513
120050;LAMP. TECHO LED 3W;UNIDA;1513
120051;LAMP. TECHO LED 5W;UNIDA;2101
120056;LAMP. TECHO LED 5W CALIDA;UNIDA;2101
120057;LAMP. TECHO LED 7W CALIDA;UNIDA;2353
120052;LAMP. TECHO LED 7W FRIA 30/C;UNIDA;2353
120058;LAMP. TECHO LED 9W CALIDA;UNIDA;2101
120053;LAMP. TECHO LED 9W FRIA 20/C;UNIDA;2437
160906;LAMP. TORTUGA LED 2 X 9W CALIDA 10/C;UNIDA;7983
160904;LAMP. TORTUGA LED 2 X 9W FRIA;UNIDA;7983
160176;LAMP.DE TORTUGA JM--FC-62 BLANCA 18/C;UNIDA;5042
160178;LAMP.DE TORTUGA JM-FC-62 NEGRO 18/C;UNIDA;5042
160177;LAMP.DE TORTUGA JM-FC-63 BLANCA 18/C;UNIDA;5042
160179;LAMP.DE TORTUGA JM-FC-63 NEGRO,18/C;UNIDA;5042
160901;LAMP.ESTANCO LED 2 X 9W FRIA 8/C;UNIDA;7983
160603;LAMP.HERM.2 X 40 S/B. 8/C;UNIDA;8000
160607;LAMP.HERM.2X40 S/B. 6/C;UNIDA;10084
160606;LAMP.HERME.LED SL-03;UNIDA;7563
120067;LAMP.PANEL LED 60X30 EMB. 24W 15/C;UNIDA;10504
160170;LAMP.TECHO B2280 C/ROSCA E27;UNIDA;3782
160171;LAMP.TECHO B2380 C/ROSCA E27;UNIDA;2521
160550;LAMP.TECHO C0780;UNIDA;3319
160540;LAMP.TECHO CUA. B3980 C/ROSCA 27 12/C;UNIDA;3319
160573;LAMP.TECHO LED L0240-12W;UNIDA;2731
160572;LAMP.TECHO LED L0760-20W;UNIDA;10504
160547;LAMP.TECHO LO160;UNIDA;7479
160541;"LAMP.TECHO RED. 6"" C0660 C/ROSCA E27 20";UNIDA;3277
160542;"LAMP.TECHO RED.8"" C0680 C/ROSCA E27";UNIDA;3782
160260;LAMPARA EMER. LED TD-269S C/2 FOCOS 12/C;UNIDA;19000
120060;LAMPARA LED L0140-10;UNIDA;13445
120070;LAMPARA TORTUGA REDONDA LED B. 12W;UNIDA;13025
120071;LAMPARA TORTUGA ELECOIDAL LED B. 12W;UNIDA;13025
011943;LIENZA;UNIDA;210
010353;LIJA DE MADERA NO.100;UNIDA;168
010225;"LIMA MEDIA LUNA C/MANGO 10""";UNIDA;1176
010223;"LIMA MEDIA LUNA C/MANGO 6""";UNIDA;840
010224;"LIMA MEDIA LUNA C/MANGO 8""";UNIDA;1008
010222;"LIMA PLANA C/MANGO 12""";UNIDA;1513
010227;"LIMA REDONDA 6""";UNIDA;840
010228;"LIMA REDONDA 8""";UNIDA;1008
010217;"LIMA TRIANGULO C/MANGO 6""";UNIDA;1008
011150;LLANA LISA 280X140MM;UNIDA;1555
030687;LLAVE COMB. LAVAPLATO EXT. 30491 20/C;UNIDA;12605
030684;LLAVE COMB. MURO 15 CM LAVAMANO;UNIDA;13025
030685;LLAVE COMB. MURO 20CM LAVAMANO;UNIDA;14706
030686;LLAVE COMBINACION LAVAPLATO;UNIDA;14286
030680;LLAVE DE MONOMANDO 35MM 30401 20/C;UNIDA;12437
030681;LLAVE DE TINA MONOMANDO 30495 10/C;UNIDA;16387
010413;"LLAVE FRANCESA 12""";UNIDA;5462
010415;"LLAVE FRANCESA 18""";UNIDA;16807
010416;"LLAVE FRANCESA 24""";UNIDA;31933
010410;"LLAVE FRANCESA 6""";UNIDA;1597
010411;"LLAVE FRANCESA 8""";UNIDA;2101
030503;"LLAVE JARDIN 3/4""";UNIDA;1681
030602;LLAVE JARDIN BQA036 C/HILO;UNIDA;4622
030600;LLAVE JARDIN GAL.518 CON HILO.;UNIDA;2353
030502;"LLAVE JARDIN YYP9179 1/2""";UNIDA;1681
030491;LLAVE LAVAPLATO EXTENSIBLE;UNIDA;10084
030683;LLAVE LAVAPLATO MONOMANDO 30490;UNIDA;15546
030682;LLAVE MONOMANDO DUCHA 30496 10/C;UNIDA;14706
010608;LLAVE P/TALADRO 13MM;UNIDA;1261
030604;"LLAVE PASO BQA038 3/4""";UNIDA;2101
030607;"LLAVE PASO C/MANGO REDONDO 3/4""";UNIDA;2941
010020;LLAVE PIPA SUELTA 8MM;UNIDA;672
010021;LLAVE PIPA SUELTA 10MM;UNIDA;840
010022;LLAVE PIPA SUELTA 11MM;UNIDA;1008
010023;LLAVE PIPA SUELTA 12MM;UNIDA;1218
010024;LLAVE PIPA SUELTA 13MM;UNIDA;1345
010025;LLAVE PIPA SUELTA 14MM;UNIDA;1387
010026;LLAVE PIPA SUELTA 15MM;UNIDA;1429
010027;LLAVE PIPA SUELTA 17MM;UNIDA;1639
010028;LLAVE PIPA SUELTA 19MM;UNIDA;2101
010042;LLAVE PUNTA/CORONA 10MM;UNIDA;714
010044;LLAVE PUNTA/CORONA 12MM;UNIDA;798
010045;LLAVE PUNTA/CORONA 13MM;UNIDA;840
010048;LLAVE PUNTA/CORONA 16MM;UNIDA;1050
010049;LLAVE PUNTA/CORONA 17MM;UNIDA;1134
010050;LLAVE PUNTA/CORONA 18MM;UNIDA;1218
010051;LLAVE PUNTA/CORONA 19MM;UNIDA;1303
010052;LLAVE PUNTA/CORONA 20MM;UNIDA;1387
010053;LLAVE PUNTA/CORONA 21MM;UNIDA;1429
010054;LLAVE PUNTA/CORONA 22MM;UNIDA;1513
010055;LLAVE PUNTA/CORONA 23MM;UNIDA;1681
010056;LLAVE PUNTA/CORONA 24MM;UNIDA;1933
010057;LLAVE PUNTA/CORONA 25MM;UNIDA;2521
010058;LLAVE PUNTA/CORONA 26MM;UNIDA;1849
010059;LLAVE PUNTA/CORONA 27MM;UNIDA;2689
010060;LLAVE PUNTA/CORONA 28MM;UNIDA;2941
010061;LLAVE PUNTA/CORONA 29MM;UNIDA;3109
010062;LLAVE PUNTA/CORONA 30MM;UNIDA;3193
010063;LLAVE PUNTA/CORONA 31MM;UNIDA;3319
010064;LLAVE PUNTA/CORONA 32MM;UNIDA;3529
010038;LLAVE PUNTA/CORONA 6MM;UNIDA;420
010039;LLAVE PUNTA/CORONA 7MM;UNIDA;378
010040;LLAVE PUNTA/CORONA 8MM;UNIDA;504
010041;LLAVE PUNTA/CORONA 9MM;UNIDA;630
010443;"LLAVE STILSON AMERICANA 14""";UNIDA;3277
010446;"LLAVE STILSON AMERICANA 36""";UNIDA;14286
010447;"LLAVE STILSON AMERICANA 48""";UNIDA;17647
030510;"LLAVE VALVULA P/ESTANQUE BAñO 1/2""";UNIDA;1261
160500;LOZA CUADRADA NL-603;UNIDA;504
160502;LOZA REDONDA E40;UNIDA;1261
011550;MALLA GAL. 1G 3.8MM ESPESOR 1.85 X 3MTS;UNIDA;12605
020300;"MANILLA DE CAJON 3""";UNIDA;126
020301;"MANILLA DE CAJON 4""";UNIDA;151
130212;MAQ. MOLER PASTO ZF500 1000KG/H;UNIDA;663866
130211;MAQ. MOLER PASTOS M1200 1200KG/H;UNIDA;495798
130200;MAQ.DE MADERA MQ443A;UNIDA;1134454
130202;MAQUINA DE CORTAR METALES;UNIDA;210084
130583;MAQUINA DE SOLDAR 250A;UNIDA;96639
130218;MAQUINA P/DESGRANO DE CHOCLO;UNIDA;294118
130216;MAQUINA P/HACER PELLETS;UNIDA;630000
130217;MAQUINA P/MOLER GRANO SENSILLA;UNIDA;142857
130220;MAQUINA P/MOLER GRANO(BLANDO);UNIDA;235294
130219;MAQUINA P/MOLER GRANOS (AZUL);UNIDA;378151
010649;MARCO PARA PANEL LED 600X600MM;UNIDA;5042
010650;"MARCO/SIERRA CROMADO REJ.12""";UNIDA;1849
010651;"MARCO/SIERRA NEGRO REJ.12""";UNIDA;1681
070112;MARTILLO C/MANGO FIBRA FORJADO 25MM;UNIDA;2521
070132;"MARTILLO DE PEÑA 1 1/2""";UNIDA;2689
070131;MARTILLO DE PEÑA 1LB.;UNIDA;1765
070120;MARTILLO MECANICO 100G.;UNIDA;1261
070121;MARTILLO MECANICO 200G.;UNIDA;1513
070122;MARTILLO MECANICO 300G.;UNIDA;1681
070129;MARTILLO PEÑA FORJADO 1.5LB 24/C;UNIDA;2941
070128;MARTILLO PEÑA FORJADO 1LB. 36/C;UNIDA;2521
160324;MASCARA PARA SOLDAR 6/C;UNIDA;21008
160305;MASKITAPE 18MM X 35M 192/C;UNIDA;840
160306;MASKITAPE 24MM X 35M 144/C;UNIDA;1261
160307;MASKITAPE 36MM X 35M 96/C;UNIDA;1597
160308;MASKITAPE 48MM X 35M 72PC/C;UNIDA;2101
070160;MAZO DE GOMA 8 OZ.;UNIDA;840
011211;MICRO MEDIDOR 25-50MM;UNIDA;6723
011212;MICRO MEDIDOR 50-75MM;UNIDA;8403
011213;MICRO MEDIDOR 75-100MM;UNIDA;11765
011750;"MINI SIERRA DE PODAR 14""";UNIDA;1092
011760;MINI-NAPOLEON NO.1;UNIDA;2101
011761;MINI-NAPOLEON NO.2;UNIDA;2353
011769;"NAPOLEON 12""";UNIDA;3782
011771;"NAPOLEON 14""";UNIDA;4370
011772;"NAPOLEON 18""";UNIDA;6303
011773;"NAPOLEON 24""";UNIDA;7311
011774;"NAPOLEON 30""";UNIDA;9664
011775;"NAPOLEON 36""";UNIDA;13025
010476;NEUMATICO PARA CARRETILLA;UNIDA;4202
011071;"NIVEL DE ALUMINIO 10""";UNIDA;1261
011073;"NIVEL DE ALUMINIO 14""";UNIDA;1681
011074;"NIVEL DE ALUMINIO 16""";UNIDA;2101
011075;"NIVEL DE ALUMINIO 18""";UNIDA;2437
011076;"NIVEL DE ALUMINIO 20""";UNIDA;2941
011077;"NIVEL DE ALUMINIO 22""";UNIDA;3025
011078;"NIVEL DE ALUMINIO 24""";UNIDA;3277
011079;"NIVEL DE ALUMINIO 26""";UNIDA;3529
011081;"NIVEL DE ALUMINIO 48""";UNIDA;3782
011085;"NIVEL DE MAESTRO C/IMAN 20""";UNIDA;3193
011087;"NIVEL DE MAESTRO C/IMAN 24""";UNIDA;3782
011088;"NIVEL DE MAESTRO C/IMAN 26"" 60/C";UNIDA;4034
011082;"NIVEL DE TORPEDO 9""";UNIDA;2101
070418;OJO MAGICO NO.200;UNIDA;840
070182;PALA C/ MANGO LARGO S506L;UNIDA;7143
070181;PALA C/PUNTA OVALADA C/MANGO 12/SACO;UNIDA;8403
070183;PALA DE CARBON C/MANGO S512PD 12/C;UNIDA;7479
070180;PALA DE PUNTA CUATRADA C/MANGO;UNIDA;5882
070184;PALA SIN MANCO C/PUNTA HUEVO S503G 12/C;UNIDA;5042
200240;PANEL INTERIOR WPC 2900X168X23MM;UNIDA;5462
120090;PANEL LED 1200X300 EMB.36W 6/C;UNIDA;16807
120089;PANEL LED 1200X300 S/P. 36W 6/C;UNIDA;21008
120082;PANEL LED 1200X600 80W FRIA EMB;UNIDA;32000
120083;PANEL LED 1200X600 80W S/P 6/C;UNIDA;36000
120097;PANEL LED 60X60 EMB.48W 6500K 6/C;UNIDA;15000
120099;PANEL LED 60X60 S/P 48W 6500K 6/C;UNIDA;16807
200220;PANEL UV TIPO MARMOL 1220 X 2440MM X 3MM;UNIDA;19748
160297;PANTALLA DE AHORRO ENERGIA 20W;UNIDA;6723
160298;PANTALLA DE AHORRO ENERGIA 40W;UNIDA;10924
160083;PARTIDOR ALUMNIO P/TUBO FLU.;UNIDA;168
020426;"PERNO ANCLAJE DE FIJACION 1/2 X 4-1/2""";UNIDA;840
020423;"PERNO ANCLAJE DE FIJACION 1/4 X 2-1/4""";UNIDA;210
020421;"PERNO ANCLAJE DE FIJACION 1/4X 3-1/4""";UNIDA;252
011200;"PIE DE METRO INOXIDABLE 6""";UNIDA;9664
070402;"PIEDRA ASENTAR 6""";UNIDA;840
011425;PISTOLA DE PINTURA PQ-2;UNIDA;10924
011427;PISTOLAP/SOLDAR TUBO PLAS.DSH-III;UNIDA;15966
030382;PITON REGAR P/JARDIN N.331;UNIDA;462
120223;"PLAFON CUAD. LED 12"" ZH-MZ24S1 24W FRIA";UNIDA;9244
120220;"PLAFON CUAD. LED 5"" ZH-MZ06S1 6W FRIA";UNIDA;3782
120221;"PLAFON CUAD. LED 7"" ZH-MZ12S1 12W FRIA";UNIDA;5462
120222;"PLAFON CUAD. LED 9"" ZH-MZ18S1 18W FRIA";UNIDA;7143
120212;PLAFON CUAD. LED C/ESCALA 12W CALIDA;UNIDA;4202
120213;PLAFON CUAD. LED C/ESCALA 12W FRIA;UNIDA;4202
120215;PLAFON CUAD. LED C/ESCALA 18W CALIDA;UNIDA;5882
120214;PLAFON CUAD. LED C/ESCALA 18W FRIA;UNIDA;5882
120217;PLAFON CUAD. LED C/ESCALA 24W CALIDA;UNIDA;7563
120216;PLAFON CUAD. LED C/ESCALA 24W FRIA;UNIDA;7479
120211;PLAFON CUAD. LED C/ESCALA 8W FRIA;UNIDA;3319
120272;PLAFON CUAD.LED 12W 6500K;UNIDA;3950
120275;PLAFON CUAD.LED 18W 3000K;UNIDA;5462
120274;PLAFON CUAD.LED 18W 6500K;UNIDA;5462
120277;PLAFON CUAD.LED 24W 3000K;UNIDA;6639
120276;PLAFON CUAD.LED 24W 6500K;UNIDA;6639
120271;PLAFON CUAD.LED 6W 3000K;UNIDA;2941
120270;PLAFON CUAD.LED 6W 6500K;UNIDA;2941
120281;PLAFON RED, 24W 6500K C/SENSOR 30/C;UNIDA;11345
120280;PLAFON RED. 18W 6500K C/SENSOR 34/C;UNIDA;8403
120207;PLAFON REDONDA LED C/ESCALA 24W CALIDA;UNIDA;7563
120262;PLAFON REDONDO LED 12W 6500K;UNIDA;3782
120265;PLAFON REDONDO LED 18W 3000K;UNIDA;4622
120264;PLAFON REDONDO LED 18W 6500K;UNIDA;4622
120267;PLAFON REDONDO LED 24W 3000K;UNIDA;7143
120266;PLAFON REDONDO LED 24W 6500K;UNIDA;7395
120260;PLAFON REDONDO LED 6W 6500K;UNIDA;2941
120202;PLAFON REDONDO LED C/ESCALA 12W CALIDA;UNIDA;4118
120203;PLAFON REDONDO LED C/ESCALA 12W FRIA;UNIDA;4118
120204;PLAFON REDONDO LED C/ESCALA 18W CALIDA;UNIDA;4874
120205;PLAFON REDONDO LED C/ESCALA 18W FRIA;UNIDA;4874
120200;PLAFON REDONDO LED C/ESCALA 6W CALIDA;UNIDA;3277
120201;PLAFON REDONDO LED C/ESCALA 6W FRIA;UNIDA;3277
011730;"PLANA C/PUNTA CUADRADA 5"" 12/120";UNIDA;1261
011731;"PLANA C/PUNTA CUADRADA 6"" 12/120";UNIDA;1387
011732;"PLANA C/PUNTA CUADRADA 7"" 12/120";UNIDA;1597
011733;"PLANA C/PUNTA CUADRADA 8"" 12/120";UNIDA;1681
011734;"PLANA C/PUNTA REDONDA 5"" 12/120";UNIDA;1261
011735;"PLANA C/PUNTA REDONDA 6"" 12/120";UNIDA;1387
011736;"PLANA C/PUNTA REDONDA 7"" 12/120";UNIDA;1513
011737;"PLANA C/PUNTA REDONDA 8"" 12/120";UNIDA;1681
280220;PLANCHA ZINC 1080X3000X0.35MM;UNIDA;9244
130238;"PLATO DE 3 PATITAS 10""";UNIDA;184874
130235;"PLATO DE 3 PATITAS 4""";UNIDA;71429
130236;"PLATO DE 3 PATITAS 6""";UNIDA;113445
130237;"PLATO DE 3 PATITAS 8""";UNIDA;134454
011110;PLOMADA DE ACERO 200G.;UNIDA;672
011111;PLOMADA DE ACERO 300G.;UNIDA;1261
159980;PORT.C/ANILLOS CONEX.PRENSA CAB.ROS E27;UNIDA;1681
159979;PORT.C/ANILLOS CONEX.PRENSA CAB.ROS.E27;UNIDA;1681
159977;PORT.CONEX.PRENSA CAB.ROSCA E27 250V 4A;UNIDA;1681
159978;PORT.CONEX.PRENSA CAB.ROSCA E27 250V 4A;UNIDA;1681
160445;PORT.CORRIENTE BLANCO E27;UNIDA;420
160446;PORT.CORRIENTE NEGRO E27;UNIDA;420
040305;PORTA BASTIDOR P/CANALETA 100X50;UNIDA;1004
160251;PORTAELECTRODO 300A.;UNIDA;1933
160250;PORTAELECTRODO 500A.;UNIDA;2101
159946;PORTALAMPARA PVC E27;UNIDA;840
130150;PORTPOWER SD0101 4T;UNIDA;126050
130152;PORTPOWER SD0202 10T.;UNIDA;155462
010870;"PRENSA ESQUINA P/CARPINTERO 4""";UNIDA;4202
010852;PRENSA F 120X400 30/C;UNIDA;4202
010853;PRENSA F 120X500 20/C;UNIDA;4370
010854;PRENSA F 120X600 20/C;UNIDA;5042
010808;PRENSA F 50X100 50/C;UNIDA;2101
010809;PRENSA F 50X150 50/C;UNIDA;2941
010810;PRENSA F 50X200 50/C;UNIDA;3193
010811;PRENSA F 50X250 50/C;UNIDA;3193
010820;PRENSA F 60X200;UNIDA;3782
010821;PRENSA F 60X250;UNIDA;3782
010823;PRENSA F 60X300;UNIDA;4202
010825;PRENSA F 60X400;UNIDA;9664
010826;PRENSA F 60X500;UNIDA;5042
010829;PRENSA F 80X250;UNIDA;5462
010830;PRENSA F 80X300;UNIDA;11681
010834;PRENSA F 80X500;UNIDA;6303
010836;PRENSA F 80X600;UNIDA;6639
010838;PRENSA F 80X700;UNIDA;7563
010800;"PRENSA G 2"" 120/C.";UNIDA;1261
010801;"PRENSA G 3"" 100/C.";UNIDA;1597
010805;"PRENSA G 8"" 20/C.";UNIDA;8403
130142;PRENSA HIDRAULICA 20T;UNIDA;235294
130143;PRENSA HIDRAULICA 20T C/RELOJ.;UNIDA;378151
130156;PRENSA HIDRAULICA 30T;UNIDA;378151
130145;PRENSA HIDRAULICA 30T C/RELOJ.;UNIDA;462185
130146;PRENSA HIDRAULICA 50T C/RELOJ.;UNIDA;882353
120500;PROYECTOR CON PANEL SOLAR 100W;UNIDA;54622
120465;PROYECTOR LED 15W P/USO INTERIOR;UNIDA;5462
120471;PROYECTOR LED 70W P/USO INTERIOR;UNIDA;11345
120456;PROYECTOR LED BASCULANTE 3000K 50W;UNIDA;25210
120489;PROYECTOR LED C/PANEL SOLAR 30W;UNIDA;31092
120502;PROYECTOR LED C/PANEL SOLAR 90W;UNIDA;46218
120488;PROYECTOR LED CON PANEL SOLAR 30W GRIS;UNIDA;29412
120420;PROYECTOR LED DE AREA INDUSTRIAL 600W;UNIDA;924370
120466;PROYECTOR LED TG-Y 10W CERT.POR SEC.;UNIDA;2941
120468;PROYECTOR LED TG-Y 20W CERT.POR SEC.;UNIDA;3277
120469;PROYECTOR LED TG-Y 30W CERT.POR SEC.;UNIDA;4622
120449;PROYECTOR LED WL-77;UNIDA;15000
120440;PROYECTOR LED WL-77;UNIDA;2437
120450;PROYECTOR LED WL-77;UNIDA;21008
120451;PROYECTOR LED WL-77;UNIDA;37815
120441;PROYECTOR LED WL-77;UNIDA;3319
120452;PROYECTOR LED WL-77;UNIDA;46218
120442;PROYECTOR LED WL-77;UNIDA;4370
120443;PROYECTOR LED WL-77;UNIDA;5882
120445;PROYECTOR LED WL-77G C/SENSOR 20W;UNIDA;5462
120446;PROYECTOR LED WL-77G C/SENSOR 30W;UNIDA;6303
120447;PROYECTOR LED WL-77G C/SENSOR 50W;UNIDA;7479
120490;PROYECTOR LED YRW 10W-P/USO INTERIOR;UNIDA;3277
120491;PROYECTOR LED YRW 20W-P/USO INTERIOR;UNIDA;5462
120492;PROYECTOR LED YRW 30W-P/USO INTERIOR;UNIDA;5882
120460;PROYECTOR LED YRW30W P/USO INTERIOR;UNIDA;12605
120463;PROYECTOR LED YRW50W P/USO INTERIOR;UNIDA;33193
160865;PROYECTOR RECTANGULAR LED 40W 3000K;UNIDA;26891
070197;RASTRILLO R103-14D 24/C. ROJO;UNIDA;2101
070196;RASTRILLO R104-14D 24/C. VERDE;UNIDA;2101
030383;REGADOR AUTOMATICO 0337;UNIDA;1261
030388;REGADORA AUTOMATICA 13801;UNIDA;1681
030386;REGADORA P/JARDIN N.3806.;UNIDA;1261
030387;REGADORA P/JARDIN NO.331 BRONCE;UNIDA;1681
011900;"REGLA ACERO 12""";UNIDA;1513
030644;REJILLA ACERO GRANDE;UNIDA;630
030645;REJILLA ALUMNIO;UNIDA;420
030650;REJILLA FILTRO UNIVERSAL;UNIDA;420
030651;REJILLA TECA;UNIDA;294
130163;RELOJ PARA PRENSA HIDRAULICA 30T/50T;UNIDA;29412
160182;REMARCADOR 10 (20)A 12/C;UNIDA;10084
140021;REP.P/SELLADORA 200,300,400MM;UNIDA;2101
140020;REPUESTO P/SELLADORA;UNIDA;4622
011181;RODILLO DE CHIPORO 20CM;UNIDA;1681
010475;RUEDA C/EJE P/CARRETILLA;UNIDA;11345
010473;RUEDA NEUMATICA P/YEGUA;UNIDA;7479
010462;"RUEDA PERNO G. 072SZ 3""";UNIDA;1261
010454;"RUEDA PLACA F. 042SY 4""";UNIDA;2185
010463;"RUEDA PLACA F. 072SZ 4""";UNIDA;1681
010450;RUEDA PLACA G. 042SY;UNIDA;840
010452;"RUEDA PLACA G. 042SY 3""";UNIDA;1681
010455;"RUEDA PLACA G. 042SY 4""";UNIDA;2101
010458;"RUEDA PLACA G. 042SY 5""";UNIDA;2185
010915;"RUEDA PLASTICA 1.5""";UNIDA;462
010916;"RUEDA PLASTICA 2""";UNIDA;588
010472;RUEDA PLASTICA CHICA P/YEGUA;UNIDA;4622
010906;"RUEDA PLASTICA DE PERNO 1""";UNIDA;420
010907;"RUEDA PLASTICA DE PERNO 1.5""";UNIDA;420
010908;"RUEDA PLASTICA DE PERNO 2""";UNIDA;462
010900;"RUEDA PLASTICA DE PLACA 1""";UNIDA;462
010901;"RUEDA PLASTICA DE PLACA 1.5""";UNIDA;546
010902;"RUEDA PLASTICA DE PLACA 2""";UNIDA;546
070080;"SACACLAVOS 12""";UNIDA;1681
070081;"SACACLAVOS 18""";UNIDA;2101
011525;SALIDA DE CAJA EMT 20MM Z3020;UNIDA;319
011526;SALIDA DE CAJA EMT 25MM Z3025;UNIDA;546
011527;SALIDA DE CAJA EMT 32MM Z3032;UNIDA;840
030312;"SEGURO P/VENTANA 145/. 3""";UNIDA;168
030313;"SEGURO P/VENTANA 145/C 4""";UNIDA;168
030314;"SEGURO P/VENTANA 145/C 5""";UNIDA;210
030316;"SEGURO P/VENTANA 72/C 8""";UNIDA;294
030315;"SEGURO P/VENTANA P/150 6""";UNIDA;210
140000;SELLADORA P/BOLSA PLAS.200MM 10/C;UNIDA;15966
140002;SELLADORA P/BOLSA PLAS.300MM 10/C;UNIDA;21008
140003;SELLADORA P/BOLSA PLAS.400MM 6/C;UNIDA;22689
160273;SEPARADORA P/CANALETA;UNIDA;1513
011740;"SERRUCHO DE CHINA 18"" 60/C.";UNIDA;1513
011741;"SERRUCHO DE CHINA 20"" 60/C.";UNIDA;1681
011742;"SERRUCHO DE CHINA 22"" 60/C.";UNIDA;2101
011743;"SERRUCHO DE CHINA 24"" 60/C.";UNIDA;2353
011748;"SERRUCHO DE EBANISTA 12""";UNIDA;1008
011747;"SERRUCHO DE EBANISTA 10""";UNIDA;840
011746;"SERRUCHO DE EBANISTA 8"" 150/C.";UNIDA;672
010607;SET DE DADOS P/CAMION NO.68.;UNIDA;29412
011800;SET GRATA HY9222 2P;UNIDA;2353
010752;SET LLAVE HALEN 1.5-12P;UNIDA;1681
010751;SET LLAVES HALEN 1.5-10 10P;UNIDA;1261
011034;SET PUNTA DEST. AX-23031 31/SET 20/C;UNIDA;3782
140136;SIERRA CALADORA ELEC.CHINA 55(6);UNIDA;7983
200201;SILICONA LARGA;UNIDA;5882
130154;SILLA DE ESPERA AZUL;UNIDA;92437
130155;SILLA DE ESPERA 3 PUESTOS;UNIDA;126050
160201;TABLERO EMB.;UNIDA;14706
160211;TABLERO EMB.;UNIDA;19748
160197;TABLERO EMB. 12 MODULOS 20/C;UNIDA;8824
160191;TABLERO EMB. 4 MODULOS 30/C;UNIDA;5462
160193;TABLERO EMB. 6 MODULOS 30/C;UNIDA;5462
160195;TABLERO EMB. 8 MODULOS 30/C;UNIDA;6303
160213;TABLERO M36 EMB. 5/C;UNIDA;29412
160212;TABLERO M36 S/P;UNIDA;29412
160230;TABLERO METALICO 300X200X150;UNIDA;16807
160231;TABLERO METALICO 400X300X200;UNIDA;27311
160232;TABLERO METALICO 500X400X200;UNIDA;35294
160233;TABLERO METALICO 600X500X200;UNIDA;42017
160200;TABLERO S/P;UNIDA;14706
160210;TABLERO S/P;UNIDA;19748
160196;TABLERO S/P. 12 MODULOS 20/C;UNIDA;8824
160190;TABLERO S/P. 4 MODULOS 30/C;UNIDA;5462
160192;TABLERO S/P. 6 MODULOS 30/C;UNIDA;5882
160194;TABLERO S/P. 8 MODULOS 30/C;UNIDA;6303
130203;TALADRO PEDESTAL 13MM ZH4113;UNIDA;92437
160125;"TAPA 16"" DE CAMPANA";UNIDA;10084
160126;"TAPA 22"" DE CAMPANA";UNIDA;16807
040306;TAPA FINAL CANALETA 100X50;UNIDA;1403
040326;TAPA FINAL P/CANALETA 40X16;UNIDA;252
160135;TAPA P.C;UNIDA;13866
160229;"TAPA P/CAMPANA PC 12""";UNIDA;5042
030643;TAPON P/LAVAPLATO;UNIDA;210
030657;TAPON TECA;UNIDA;126
030642;TAPON UNIVERSAL;UNIDA;244
070460;TARUGO NYLON DE PALOMA;UNIDA;29
030666;"TEFLON 1""";UNIDA;336
030665;"TEFLON 10M X 3/4""MM";UNIDA;294
030664;TEFLON 10MX12.5MM 2400/C;UNIDA;462
160254;TENASA TOMA TIERRA 300A;UNIDA;2101
130491;"TENSOR PIOLA ACERO 3/16""";UNIDA;336
130493;"TENSOR PIOLA ACERO 5/16""";UNIDA;1261
011538;TERMINAL P/TUB.EMT 25MM JDG3025;UNIDA;336
011539;TERMINAL P/TUB.EMT 32MM JDG3032;UNIDA;462
070245;"TIJERA DE PODAR 8"" 120/C";UNIDA;2521
070243;"TIJERA DE UVA 8"" 30/C";UNIDA;2101
070249;"TIJERA PASTO SK606 12"" 24/C";UNIDA;4622
070244;"TIJERAS DE JARDIN 8""";UNIDA;2437
070253;"TIJERAS DE LATA ""AVION"" 10""";UNIDA;2941
070242;"TIJERAS DE PODAR 10""";UNIDA;3277
070254;"TIJERAS DE PODAR SE731 8""";UNIDA;2101
070259;TIJERON C/MANGO CROMADO;UNIDA;4202
159957;TOMA CORR. DOBLE INT.SIMPLE 20/PC;UNIDA;2101
169943;TOMA CORRIENTE DOBLE 10 110/250V;UNIDA;2353
159943;TOMA CORRIENTE DOBLE 10A 250V 20B/200C;UNIDA;2500
159955;TOMA CORRIENTE DOBLE SPTO. 10A 20B/320C;UNIDA;2437
169969;TOMA CORRIENTE SIMPLE 10A 110/250V 120/C;UNIDA;2101
159969;TOMA CORRIENTE SIMPLE 10A.250V 20B/200C;UNIDA;2353
159954;TOMA CORRIENTE SIMPLE 2P+T 10A 20B/320C;UNIDA;1800
169971;TOMA CORRIENTE TRIPLE 10A 110/250V;UNIDA;2941
159971;TOMA CORRIENTE TRIPLE 10A.250V 20B/200C;UNIDA;2521
159949;TOMA CORRIENTE TRIPLE SPTO.10A;UNIDA;2689
159981;TOMA CRRTE.NEV.SPT.10A+TOMA CTE.10/16A;UNIDA;2521
130227;TORNO C6250C/1500;UNIDA;7983193
130228;TORNO C6250C/2000;UNIDA;8361345
130223;TORNO CZ-1440G/1;UNIDA;3781513
130222;TORNO MODELO CZ1340G/1;UNIDA;3445378
130226;TORNO MULTIUSO HQ800;UNIDA;2310924
130149;TRANSPALETA 2000KG NO.1;UNIDA;235294
130147;TRANSPALETA 2000KG NO.2;UNIDA;138655
150010;TRNSFORMADOR P/ LAMP. PISCINA 60W;UNIDA;15546
010710;"TROZADOR PARA RAMA 21""";UNIDA;1345
010711;"TROZADOR PARA RAMA 24""";UNIDA;1513
010712;"TROZADOR PARA RAMA 30""";UNIDA;2101
011500;TUBERIA EMT 20MM CERT 1.2MM;UNIDA;2941
011501;TUBERIA EMT 25MM CERT. 1.2MM 6/C;UNIDA;4622
011502;TUBERIA EMT 32MM CERT 1.2MM 5/C;UNIDA;5462
160289;TUBO ALURO METALIC0 250W;UNIDA;7425
160274;TUBO DE AHORRO 20W P/PANT.HALOGENA 500W;UNIDA;3782
160275;TUBO DE AHORRO 40W P/PANT.HALOGENA 1000W;UNIDA;4202
030614;TUBO FEX.HEM/HEM.30CM;UNIDA;588
030616;TUBO FEX.HEM/HEM.40CM;UNIDA;672
030618;TUBO FEX.HEM/HEM.50CM;UNIDA;840
030615;TUBO FEX.HEM/M.40CM;UNIDA;672
030617;TUBO FEX.HEM/M.50CM;UNIDA;840
030612;"TUBO FLEX. 1/2 X5/8""";UNIDA;672
030613;TUBO FLEX.HEM/M.30CM;UNIDA;588
030620;TUBO FLEX.P/DUCHA 1.5M;UNIDA;1639
160161;TUBO FLU. EN COLOR 20W AM.;UNIDA;2269
160160;TUBO FLU. EN COLOR 20W R.;UNIDA;2269
160162;TUBO FLU. EN COLOR 20W V;UNIDA;2269
160166;TUBO FLU. EN COLOR 40W AM.;UNIDA;2521
160168;TUBO FLU. EN COLOR 40W AZUL;UNIDA;2521
160169;TUBO FLU. EN COLOR 40W NE.;UNIDA;2689
160165;TUBO FLU. EN COLOR 40W R. 25/C;UNIDA;2521
160167;TUBO FLU. EN COLOR 40W VE.;UNIDA;2521
160804;TUBO FLUO.LED DE VIDRIO 18W LUZ FRIA 30/C;UNIDA;2521
160805;TUBO FLUO.LED DE VIDRIO 9W LUZ FRIA 30/C;UNIDA;2353
160801;TUBO FLUO.LED P.C 18W 3500K;UNIDA;2941
160480;TUBO HALOGENO 100 W;UNIDA;378
160806;TUBO LED 9W POLICARBONATO;UNIDA;2941
120160;TUBO T5 13W AMARILLO;UNIDA;1513
120163;TUBO T5 13W AZUL;UNIDA;1513
120164;TUBO T5 13W NEGRO;UNIDA;1681
120161;TUBO T5 13W ROJO;UNIDA;1513
120162;TUBO T5 13W VERDE;UNIDA;1513
120170;TUBO T5 21W AMARILLO;UNIDA;1681
120173;TUBO T5 21W AZUL;UNIDA;1681
120171;TUBO T5 21W ROJO;UNIDA;1681
120172;TUBO T5 21W VERDE;UNIDA;1681
120180;TUBO T5 28W AMARILLO;UNIDA;2101
120183;TUBO T5 28W AZUL;UNIDA;2101
120184;TUBO T5 28W NEGRO;UNIDA;2521
120181;TUBO T5 28W ROJO;UNIDA;2521
120182;TUBO T5 28W VERDE;UNIDA;2101
120150;TUBO T5 8W AMARILLO;UNIDA;1008
120153;TUBO T5 8W AZUL;UNIDA;1008
120154;TUBO T5 8W NEGRO;UNIDA;1261
120151;TUBO T5 8W ROJO;UNIDA;1008
120152;TUBO T5 8W VERDE;UNIDA;1008
030652;"UNION LLAVE 1/2""";UNIDA;294
030654;"UNION LLAVE 1/2"" A 3/4""";UNIDA;420
030653;UNION MANGUERA;UNIDA;252
040300;UNION P/CANALETA 100X50;UNIDA;672
040321;UNION P/CANALETA 40X16;UNIDA;252
011530;UNION ZINC P/TUB.EMT 20MM;UNIDA;420
011531;UNION ZINC P/TUB.EMT 25MM;UNIDA;504
011532;UNION ZINC P/TUB.EMT 32MM;UNIDA;672
280151;WALL PANEL BK-04-007 3800 X 380 X 16MM 1.444M2;UNIDA;15966
280152;WALL PANEL BK-4-006 3800 X 380 X 16MM 1.444M2;UNIDA;15966
280153;WALL PANEL VS-04-003 3800 X 380 X 16MM 1.444M2;UNIDA;15966
130141;YALE DE DIESEL XCB-D30 36.8KW 3000MM 3T;UNIDA;14117647
130140;YALE LIVIANO 1500KILOS;UNIDA;8823529
010478;YEGUA C/RUEDA ROJA 250K;UNIDA;37815
010479;YEGUA FORZADA AZUL 250KLOS;UNIDA;39496
070360;ALICATE MULTIUSO HS7004;SET;2521
120330;AMARA;BOLSA;840
120332;AMARA 250X3.6MM 100/N 250/C;100;1092
120333;AMARA 300X3.6MM 100/N 200/C;100;1345
120334;AMARA 350X4.8MM 100/N 100/C;100;2437
120335;AMARA 400X4.8MM 100/N 100/C;100;2689
120336;AMARA 500X4.8MM 100/N 100/C;100;3193
120300;AMARA 150 X 3.6MM;BOLSA;840
120301;AMARA 200 X 3.6MM;BOLSA;1008
120302;AMARA 250 X 3.6MM;BOLSA;1261
120303;AMARA 300 X 3.6MM;BOLSA;1513
120304;AMARA 350 X 4.8MM;BOLSA;2521
120305;AMARA 400 X 4.8MM;BOLSA;2941
120306;AMARA 500 X 4.8MM;BOLSA;3319
160825;AMP. LED 12W CALIDA CERT.02-12;UNDA;1513
160810;AMP. LED 5W 6500K;UNID;1261
040328;ANGULO EXTERIOR CANALETA 20X10;;210
040327;ANGULO INTERIOR CANALETA 20X10;;210
040329;ANGULO PLANO CANALETA 20X10;;210
040330;ANGULO T CANALETA 20X10;;210
130135;APILADOR AUTOMADICO FBB 15-30;NIDUI;7760000
040100;CABLE CORDON 2;METRO;840
040102;CABLE CORDON 2 X 1.5;METRO;1681
040110;CABLE CORDON 3;METRO;1261
040113;CABLE CORDON 3 X 2.5MM 100MTS;MT;1681
040130;CABLE PARALELO;100M;840
040131;CABLE PARALELO 2 X 18 R/N 6/C;100M;504
040132;CABLE PARALELO 2 X 20 BL. 10/C;100M;420
040133;CABLE PARALEO 2 X 20;100M;420
160010;CAJA ESTANCA 150X150X70MM;UNIAD;3782
120475;CAMAPANA UFO LED 100W 3000K BLANCO;;21008
120476;CAMAPANA UFO LED 100W 4000K BLANCO;;21008
120472;CAMPANA UFO LED 100W REGULABLE;;19748
120473;CAMPANA UFO LED 150W REGULABLE;;23109
120474;CAMPANA UFO LED 200W REGULABLE;;29412
010188;CANDADO DORADO 38MM;UNDAD;1092
160152;CANOA T4 16W C/TUBO;UINDA;2773
120101;CANOA T5 8W C/TUBO ROJO 50/C;UNIOD;2773
150040;CINTA LED 3528/60;UINDA;11345
020370;"CLAVO ACERO P/PISTOLA 1""";100;2941
020371;"CLAVO ACERO P/PISTOLA 1.5""";100;3782
020372;"CLAVO ACERO P/PISTOLA 2""";100;4622
020373;"CLAVO ACERO P/PISTOLA 2.5""";100;5042
020231;"CLAVO CONCRETO 2"" X 2.5MM";KILO;2101
020232;"CLAVO CONCRETO 2.5"" X 3MM";KILO;2101
020233;"CLAVO CONCRETO 3"" X 3.5MM";KILO;2101
020249;"CLAVO P/ MADERA 2""";KG;1849
020251;"CLAVO P/ MADERA 3""";KG;1849
020250;"CLAVO P/MADERA 2.5""";KG;1849
030631;"DUCHA TELEFONO 102 B.1.5M X 1/2""";UNID;3782
010929;ESCUADRA DE REPISA 10X12;PAR;1681
010930;ESCUADRA DE REPISA 12X14;PAR;2101
010925;ESCUADRA DE REPISA 4X5;PAR;504
010926;ESCUADRA DE REPISA 5X6;PAR;546
010927;ESCUADRA DE REPISA 6X8;PAR;756
010928;ESCUADRA DE REPISA 8X10;PAR;1261
011521;FOCO EMBUTIDO 40W 3000K;;19328
120226;"FOCO LED 4"" ZH-BR072 7W FRIA";;4958
120247;"FOCO LED ZH-COB201 8"" 20W FRIA";UNIA;7143
120803;FOCO LED ZH-TD04 4W CALIDA;UNIA;1134
030641;"GOMA P/LLAVE 1/2"", 5/8""";100;1681
030635;"GOMA P/TUBO FLEX. 1/2""";100;1681
030636;"GOMA P/TUBO FLEX. 3/4""";100;1681
011665;GUANTES ALBAÑIL GOMA 240/C;UNID.;1008
011663;GUANTES DE CUERO 120/C;PAR;2101
011667;GUANTES DE GOMA ASEO 240/PAR;PAR;420
011661;GUANTES DE GOMA AZUL 600/C;PAR;1134
011669;GUANTES DE GOMA LATEX;PAR.;1008
011664;GUANTES DE GOMA NARANJA;PAR;1261
011662;GUANTES DE GOMA NEGRA 960/C;PAR;714
011660;GUANTES DE GOMA VERDE 960/C;PAR;714
011657;GUANTES DESCARNE P/SOLDAR 60/C;PAR;2941
011668;GUANTES NYLON C/PUNTITA BLANCA 960/C;PAR;420
011659;GUANTES PIGMENTADO;PAR;420
140112;HOJA SIERRA CIRCULAR 7 1/4 180 DIENTES;;4500
010648;HOJA SIERRA HSS 300X12X1;HOJA;546
010356;LIJA DE AGUA NO. 600;HOJA;168
010350;LIJA DE MADERA NO.46;HOJA;168
030688;LLAVE LAVAMANO PAR SIMPLE 30403 40/C;PAR;12605
160098;PANEL LED 60X60 EMB.48W 3500K;UNID;15000
020420;"PERNO ANCLAJE DE FIJACION 3/8 X 3""";UNIA;252
070403;PIEDRA ASENTAR 8 PULGADAS;;1000
280019;PISOS LAMINADOS 1200X200X8MM LH7020;CAJA;21008
280021;PISOS LAMINADOS 1200X200X8MM LH7049;CAJA;21008
280026;PISOS LAMINADOS 1200X200X8MM LH7101;CAJA;21008
280022;PISOS LAMINADOS 1200X200X8MM LH71026;CAJA;21008
280025;PISOS LAMINADOS 1200X200X8MM LH7114;CAJA;21008
280027;PISOS LAMINADOS 1200X200X8MM LH7146;CAJA;21008
280020;PISOS LAMINADOS 1200X200X8MM LH7198;CAJA;21008
280023;PISOS LAMINADOS 1200X200X8MM LH7374;CAJA;21008
280018;PISOS LAMINADOS 1200X200X8MM LH7375;CAJA;21008
280024;PISOS LAMINADOS 1200X200X8MM LH7794;CAJA;21008
120210;PLAFON CUAD. LED C/ESCALA 8W CALIDA;;3319
120273;PLAFON CUAD.LED 12W 3000K;UNIAD;4202
120206;PLAFON REDONDA LED C/ESCALA 24W FRIA;UINDA;7563
120263;PLAFON REDONDO LED 12W 3000K;UNIAD;3782
280200;PLANCHA OSB 1220 X 2440 X 11MM;UNID;15126
120444;PROYECTOR LED WL-77G C/SENSOR 10W;UNID;4622
030385;REGADORA P/JARDIN N.332;UMIDA;1261
011906;"REGLA DE ACERO 24""";;2521
020520;REMACHE POP 5;500;5042
020524;REMACHE POP 5;250;3782
020504;REMACHE POP 5 X 8MM;500;3109
020547;REMACHE POP 6 X 10MM;250;3445
020549;REMACHE POP 6 X 12MM;250;3613
020540;REMACHE POP 6 X 6MM;250;3277
020544;REMACHE POP 6 X 8MM;250;3277
020460;REMACHE POP;1000;4118
020477;REMACHE POP;500;4370
020479;REMACHE POP;500;4622
020500;REMACHE POP;500;3277
020522;REMACHE POP;250;4118
020555;REMACHE POP;250;4202
020558;REMACHE POP;250;4370
020560;REMACHE POP;250;4622
020563;REMACHE POP;250;5042
020566;REMACHE POP;250;5630
020458;REMACHE POP 3.2 X 10MM;1000;4118
020497;REMACHE POP 4 X 18MM;500;4118
020498;REMACHE POP 4 X 20MM;500;4118
020499;REMACHE POP 4 X 22MM;500;4202
020490;REMACHE POP 4 X 6MM;1000;4160
130636;SET BROCA P/CARP.10-25MM 6/PCS.;SET;2101
130671;SET BROCA P/CONCRETO M501 5/SET;SET;714
130672;SET BROCA P/CONCRETO M502 5/SET C/P;SET;840
130670;SET BROCA P/CONCRETO M802 8/SET;SET;1008
130631;SET BROCA P/MADERA 300X8.10.12.;SET;2521
130674;SET BROCAS HSS 0.5-6.5MM 13/ SET;SET;1681
130675;SET BROCAS HSS 1-10MM 19/ SET;SET;4622
010601;"SET DADO 1/4""";SET;3361
010603;"SET DADOS 1/2""";SET;31092
010602;SET DADOS 19PCS/SET;SET;13445
010604;"SET DADOS 3/4"" 21PCS";SET;37815
010600;SET DADOS C/CHICHARRA 99199 41P;SET;2941
120326;SET DE AMARA SENSILLA 3PCS/SET;SET;1261
010606;SET DE DADOS P/CAMION NO.58;UNDAD;37815
070095;SET DE FORMON 4PCS.;SET;5462
011792;SET DE GRATA HY 9223 6PZS;SET;3277
011790;SET DE GRATA PLANA HY9212 3P;SET;3277
011021;SET DE PUNTA DS-70311 29/SET 48/C;SET;4118
011022;SET DE PUNTA DS-70334 33/SET 60/C;SET;4202
011014;SET DES.JG070 72/C;SET;1513
011018;SET DEST. 8PCS/SET;SET;3361
011004;SET DEST. ESTRELLA 2/SET;SET;840
011010;SET DEST. RELOJERO 6PCS. 250/C.;SET;1008
011000;SET DEST.99021 DE CHINA 6/SET;SET;2101
011007;SET DEST.C/MANGO TRANSPARENTE;SET;504
011001;SET DEST.LARGO FINO 6/SET 60/C;SET;2269
011003;SET DEST.P/ELE.PIN-99135 5/SET;SET;2521
011009;SET DEST.PRECISION PJN-99039 2P/SET;SET;840
011793;SET GRATA C/CEPILLO HY9226 3 PZS;SET;2101
011799;SET GRATA HY9222 2/SET GRANDE;SET;1849
010104;SET GUBIAS P/CARPINTERO 12/SET;SET;1681
070302;"SET LLAVE ""*"" 2105";SET;2941
010078;SET LLAVE C/ P. Y C.;SET;21008
070310;"SET LLAVE HALLEN ""ESTRELLA"" 7P";SET;1261
010082;SET LLAVE P/C;SET;15966
010083;SET LLAVE P/C 8-24MM 14PCS/SET NEGRO;SET;25210
010084;SET LLAVE P/C 8-32MM 24PCS/SET;SET;37815
010079;SET LLAVE P/C. 8-24MM;SET;10924
010750;SET LLAVES HALEN 1.5-10 8P.;SET;1008
130621;SET MECHA DG-W502 5/PCS.;SET;1261
130620;SET MECHA DG-W802 8/PCS.;SET;1597
070421;SET PIEDRAS 10PCS/SET;SET;1681
011028;SET PUNTA DES.JG123 50/C;SET;2101
011040;SET PUNTA DEST. AD-23036 36/SET 20/C;SET;3277
011031;SET PUNTA DEST. AX-21023B 23/SET 40/C;SET;3277
011032;SET PUNTA DEST. AX-23018 18/SET 40/C;SET;3235
011033;SET PUNTA DEST. AX-23021 21/SET 20/C;SET;4118
011042;SET PUNTA DEST. AX-23037 37/SET 20/C;SET;2521
011037;SET PUNTA DEST. AX-24067 67/SET 40/C;SET;3277
011038;SET PUNTA DEST. AX-25016 16/SET 40/C;SET;4118
011043;SET PUNTA DEST. BX-23031 30/SET 20/C;;3319
011030;SET PUNTA DEST. WS-1085 32/SET 20/C;SET;4034
011035;SET PUNTA DEST.23031B 31/SET 40/C;SET;5042
011041;SET PUNTA DEST.AD-23052 52/SET 20/C;SET;4370
011752;"SET SERRUCHO CORTE ANGULO 14""";SET;1513
030629;SET TUBO FEX P/LLAVE MONOMANDO;SET;1513
011023;SET/PUNTA DEST.PJN-99149 10/SET;SET;924
011024;SET/PUNTA DEST.PJN-99154 14/SET;SET;1008
011025;SET/PUNTA DEST.PJN-99156 14/SET;SET;1261
130233;SIERRA DE CORTE DE METAL G5018WA;;966387
040332;TAPA FINAL CANALETA 20X10;;210
070473;TARUGO GRIS 10MM 250/BOLSA;BOLSA;3950
070470;TARUGO GRIS 5MM 1000/BOLSA;BOLSA;3193
070471;TARUGO GRIS 6MM 1000/BOLSA;BOLSA;3782
070472;TARUGO GRIS 8MM 500/BOLSA;BOLSA;3782
130196;TECLE PLUMA DOBLE 2T;;197479
020383;"TORNILLO HEX. C/P.BROCA 2""";350;10504
020412;"TORNILLO VOLCANITA C/HILO FINO 1""";1000;4622
020419;"TORNILLO VOLCANITA C/HILO FNO 1-5/8""";500;5756
020393;"TORNILLO/CAB. LENTAJA C/P.BROCA 2"" 8C";800;12605
020392;"TORNILLO/CAB.LENTAJA C/P.BROCA 1-1/2"" 8C";1000;12605
030621;TUBO FLEX.P/DUCHA 2.0M;UINDA;2101
040331;UNION CANALETA 20X10;;210
280150;WALL PANEL BK-03-001 3800 X 380 X 16MM 1.444M2;UNID;15966
